source_model,selected_variant,target_model,holdout_quality,target_oracle_quality,transfer_regret
atlas-sim,schema_first,atlas-sim,0.5725,0.6029017857142858,0.030401785714285756
atlas-sim,schema_first,ember-sim,0.48379464285714285,0.5728125000000001,0.0890178571428572
atlas-sim,schema_first,nova-sim,0.5022321428571429,0.5728125000000001,0.07058035714285715
ember-sim,role_only,atlas-sim,0.48709821428571426,0.6029017857142858,0.1158035714285715
ember-sim,role_only,ember-sim,0.49361607142857145,0.5728125000000001,0.07919642857142861
ember-sim,role_only,nova-sim,0.47544642857142855,0.5728125000000001,0.09736607142857151
nova-sim,verify,atlas-sim,0.5912499999999999,0.6029017857142858,0.011651785714285823
nova-sim,verify,ember-sim,0.45732142857142855,0.5728125000000001,0.11549107142857151
nova-sim,verify,nova-sim,0.5075892857142857,0.5728125000000001,0.06522321428571431
